{
  "annotations": {
    "list": [
      {
        "builtIn": 1,
        "datasource": "-- Grafana --",
        "enable": true,
        "hide": true,
        "iconColor": "rgba(0, 211, 255, 1)",
        "name": "Annotations & Alerts",
        "target": {
          "limit": 100,
          "matchAny": false,
          "tags": [],
          "type": "dashboard"
        },
        "type": "dashboard"
      }
    ]
  },
  "description": "Dashboard for Spring Boot Metrics",
  "editable": true,
  "fiscalYearStartMonth": 0,
  "gnetId": 12900,
  "graphTooltip": 0,
  "id": 3,
  "iteration": 1646499506175,
  "links": [],
  "liveNow": false,
  "panels": [
    {
      "collapsed": false,
      "datasource": {
        "type": "prometheus",
        "uid": "PBFA97CFB590B2093"
      },
      "gridPos": {
        "h": 1,
        "w": 24,
        "x": 0,
        "y": 0
      },
      "id": 54,
      "panels": [],
      "title": "Basic Statistics",
      "type": "row"
    },
    {
      "datasource": {
        "type": "prometheus",
        "uid": "PBFA97CFB590B2093"
      },
      "fieldConfig": {
        "defaults": {
          "decimals": 1,
          "mappings": [
            {
              "options": {
                "match": "null",
                "result": {
                  "text": "N/A"
                }
              },
              "type": "special"
            }
          ],
          "thresholds": {
            "mode": "absolute",
            "steps": [
              {
                "color": "green",
                "value": null
              },
              {
                "color": "red",
                "value": 80
              }
            ]
          },
          "unit": "s"
        },
        "overrides": []
      },
      "gridPos": {
        "h": 3,
        "w": 6,
        "x": 0,
        "y": 1
      },
      "id": 52,
      "links": [],
      "maxDataPoints": 100,
      "options": {
        "colorMode": "value",
        "fieldOptions": {
          "calcs": [
            "lastNotNull"
          ]
        },
        "graphMode": "none",
        "justifyMode": "auto",
        "orientation": "horizontal",
        "reduceOptions": {
          "calcs": [
            "mean"
          ],
          "fields": "",
          "values": false
        },
        "textMode": "auto"
      },
      "pluginVersion": "8.4.3",
      "targets": [
        {
          "expr": "sum(process_uptime_seconds{application=\"$application\", instance=~\"$instance\"})",
          "format": "time_series",
          "hide": false,
          "interval": "",
          "intervalFactor": 2,
          "legendFormat": "",
          "metric": "",
          "refId": "A",
          "step": 14400
        }
      ],
      "title": "Uptime",
      "type": "stat"
    },
    {
      "datasource": {
        "type": "prometheus",
        "uid": "PBFA97CFB590B2093"
      },
      "fieldConfig": {
        "defaults": {
          "color": {
            "mode": "thresholds"
          },
          "decimals": 1,
          "mappings": [
            {
              "options": {
                "match": "null",
                "result": {
                  "text": "N/A"
                }
              },
              "type": "special"
            }
          ],
          "max": 100,
          "min": 0,
          "thresholds": {
            "mode": "absolute",
            "steps": [
              {
                "color": "rgba(50, 172, 45, 0.97)",
                "value": null
              },
              {
                "color": "rgba(237, 129, 40, 0.89)",
                "value": 70
              },
              {
                "color": "rgba(245, 54, 54, 0.9)",
                "value": 90
              }
            ]
          },
          "unit": "percent"
        },
        "overrides": []
      },
      "gridPos": {
        "h": 6,
        "w": 5,
        "x": 6,
        "y": 1
      },
      "id": 58,
      "links": [],
      "maxDataPoints": 100,
      "options": {
        "orientation": "horizontal",
        "reduceOptions": {
          "calcs": [
            "lastNotNull"
          ],
          "fields": "",
          "values": false
        },
        "showThresholdLabels": false,
        "showThresholdMarkers": true
      },
      "pluginVersion": "8.4.3",
      "targets": [
        {
          "expr": "sum(jvm_memory_used_bytes{application=\"$application\", instance=~\"$instance\", area=\"heap\"})*100/sum(jvm_memory_max_bytes{application=\"$application\",instance=~\"$instance\", area=\"heap\"})",
          "format": "time_series",
          "interval": "",
          "intervalFactor": 1,
          "legendFormat": "",
          "refId": "A",
          "step": 14400
        }
      ],
      "title": "Heap Used",
      "type": "gauge"
    },
    {
      "datasource": {
        "type": "prometheus",
        "uid": "PBFA97CFB590B2093"
      },
      "fieldConfig": {
        "defaults": {
          "color": {
            "mode": "thresholds"
          },
          "decimals": 1,
          "mappings": [
            {
              "options": {
                "match": "null",
                "result": {
                  "text": "N/A"
                }
              },
              "type": "special"
            },
            {
              "options": {
                "from": -1e+32,
                "result": {
                  "text": "N/A"
                },
                "to": 0
              },
              "type": "range"
            }
          ],
          "max": 100,
          "min": 0,
          "thresholds": {
            "mode": "absolute",
            "steps": [
              {
                "color": "rgba(50, 172, 45, 0.97)",
                "value": null
              },
              {
                "color": "rgba(237, 129, 40, 0.89)",
                "value": 70
              },
              {
                "color": "rgba(245, 54, 54, 0.9)",
                "value": 90
              }
            ]
          },
          "unit": "percent"
        },
        "overrides": []
      },
      "gridPos": {
        "h": 6,
        "w": 5,
        "x": 11,
        "y": 1
      },
      "id": 60,
      "links": [],
      "maxDataPoints": 100,
      "options": {
        "orientation": "horizontal",
        "reduceOptions": {
          "calcs": [
            "lastNotNull"
          ],
          "fields": "",
          "values": false
        },
        "showThresholdLabels": false,
        "showThresholdMarkers": true
      },
      "pluginVersion": "8.4.3",
      "targets": [
        {
          "expr": "sum(jvm_memory_used_bytes{application=\"$application\", instance=~\"$instance\", area=\"nonheap\"})*100/sum(jvm_memory_max_bytes{application=\"$application\",instance=~\"$instance\", area=\"nonheap\"})",
          "format": "time_series",
          "intervalFactor": 2,
          "legendFormat": "",
          "refId": "A",
          "step": 14400
        }
      ],
      "title": "Non-Heap Used",
      "type": "gauge"
    },
    {
      "aliasColors": {},
      "bars": false,
      "dashLength": 10,
      "dashes": false,
      "datasource": {
        "type": "prometheus",
        "uid": "PBFA97CFB590B2093"
      },
      "fieldConfig": {
        "defaults": {
          "links": []
        },
        "overrides": []
      },
      "fill": 1,
      "fillGradient": 0,
      "gridPos": {
        "h": 6,
        "w": 8,
        "x": 16,
        "y": 1
      },
      "hiddenSeries": false,
      "id": 66,
      "legend": {
        "avg": false,
        "current": false,
        "max": false,
        "min": false,
        "show": true,
        "total": false,
        "values": false
      },
      "lines": true,
      "linewidth": 1,
      "links": [],
      "nullPointMode": "null",
      "options": {
        "alertThreshold": true
      },
      "percentage": false,
      "pluginVersion": "8.4.3",
      "pointradius": 5,
      "points": false,
      "renderer": "flot",
      "seriesOverrides": [],
      "spaceLength": 10,
      "stack": false,
      "steppedLine": false,
      "targets": [
        {
          "expr": "process_files_open_files{application=\"$application\", instance=~\"$instance\"}",
          "format": "time_series",
          "interval": "",
          "intervalFactor": 1,
          "legendFormat": "Open Files",
          "refId": "A"
        },
        {
          "expr": "process_files_max{application=\"$application\", instance=~\"$instance\"}",
          "format": "time_series",
          "intervalFactor": 1,
          "legendFormat": "Max Files",
          "refId": "B"
        }
      ],
      "thresholds": [],
      "timeRegions": [],
      "title": "Process Open Files",
      "tooltip": {
        "shared": true,
        "sort": 0,
        "value_type": "individual"
      },
      "type": "graph",
      "xaxis": {
        "mode": "time",
        "show": true,
        "values": []
      },
      "yaxes": [
        {
          "format": "locale",
          "logBase": 1,
          "show": true
        },
        {
          "format": "short",
          "logBase": 1,
          "show": true
        }
      ],
      "yaxis": {
        "align": false
      }
    },
    {
      "datasource": {
        "type": "prometheus",
        "uid": "PBFA97CFB590B2093"
      },
      "fieldConfig": {
        "defaults": {
          "color": {
            "mode": "thresholds"
          },
          "mappings": [
            {
              "options": {
                "match": "null",
                "result": {
                  "text": "N/A"
                }
              },
              "type": "special"
            }
          ],
          "thresholds": {
            "mode": "absolute",
            "steps": [
              {
                "color": "green",
                "value": null
              },
              {
                "color": "red",
                "value": 80
              }
            ]
          },
          "unit": "dateTimeFromNow"
        },
        "overrides": []
      },
      "gridPos": {
        "h": 3,
        "w": 6,
        "x": 0,
        "y": 4
      },
      "id": 56,
      "links": [],
      "maxDataPoints": 100,
      "options": {
        "colorMode": "value",
        "graphMode": "none",
        "justifyMode": "auto",
        "orientation": "horizontal",
        "reduceOptions": {
          "calcs": [
            "first"
          ],
          "fields": "",
          "values": false
        },
        "textMode": "auto"
      },
      "pluginVersion": "8.4.3",
      "targets": [
        {
          "expr": "avg(process_start_time_seconds{application=\"$application\", instance=~\"$instance\"})*1000",
          "format": "time_series",
          "interval": "",
          "intervalFactor": 2,
          "legendFormat": "",
          "metric": "",
          "refId": "A",
          "step": 14400
        }
      ],
      "title": "Start time",
      "type": "stat"
    },
    {
      "aliasColors": {},
      "bars": false,
      "dashLength": 10,
      "dashes": false,
      "datasource": {
        "type": "prometheus",
        "uid": "PBFA97CFB590B2093"
      },
      "fieldConfig": {
        "defaults": {
          "links": []
        },
        "overrides": []
      },
      "fill": 1,
      "fillGradient": 0,
      "gridPos": {
        "h": 7,
        "w": 12,
        "x": 0,
        "y": 7
      },
      "hiddenSeries": false,
      "id": 95,
      "legend": {
        "alignAsTable": true,
        "avg": true,
        "current": true,
        "max": true,
        "min": true,
        "show": true,
        "total": false,
        "values": true
      },
      "lines": true,
      "linewidth": 1,
      "links": [],
      "nullPointMode": "null",
      "options": {
        "alertThreshold": true
      },
      "percentage": false,
      "pluginVersion": "8.4.3",
      "pointradius": 5,
      "points": false,
      "renderer": "flot",
      "seriesOverrides": [],
      "spaceLength": 10,
      "stack": false,
      "steppedLine": false,
      "targets": [
        {
          "expr": "system_cpu_usage{instance=~\"$instance\", application=\"$application\"}",
          "format": "time_series",
          "intervalFactor": 1,
          "legendFormat": "System CPU Usage",
          "refId": "A"
        },
        {
          "expr": "process_cpu_usage{instance=~\"$instance\", application=\"$application\"}",
          "format": "time_series",
          "intervalFactor": 1,
          "legendFormat": "Process CPU Usage",
          "refId": "B"
        }
      ],
      "thresholds": [],
      "timeRegions": [],
      "title": "CPU Usage",
      "tooltip": {
        "shared": true,
        "sort": 0,
        "value_type": "individual"
      },
      "type": "graph",
      "xaxis": {
        "mode": "time",
        "show": true,
        "values": []
      },
      "yaxes": [
        {
          "format": "short",
          "logBase": 1,
          "show": true
        },
        {
          "format": "short",
          "logBase": 1,
          "show": true
        }
      ],
      "yaxis": {
        "align": false
      }
    },
    {
      "aliasColors": {},
      "bars": false,
      "dashLength": 10,
      "dashes": false,
      "datasource": {
        "type": "prometheus",
        "uid": "PBFA97CFB590B2093"
      },
      "fieldConfig": {
        "defaults": {
          "links": []
        },
        "overrides": []
      },
      "fill": 1,
      "fillGradient": 0,
      "gridPos": {
        "h": 7,
        "w": 12,
        "x": 12,
        "y": 7
      },
      "hiddenSeries": false,
      "id": 96,
      "legend": {
        "alignAsTable": true,
        "avg": true,
        "current": true,
        "max": true,
        "min": true,
        "show": true,
        "total": false,
        "values": true
      },
      "lines": true,
      "linewidth": 1,
      "links": [],
      "nullPointMode": "null",
      "options": {
        "alertThreshold": true
      },
      "percentage": false,
      "pluginVersion": "8.4.3",
      "pointradius": 5,
      "points": false,
      "renderer": "flot",
      "seriesOverrides": [],
      "spaceLength": 10,
      "stack": false,
      "steppedLine": false,
      "targets": [
        {
          "expr": "system_load_average_1m{instance=~\"$instance\", application=\"$application\"}",
          "format": "time_series",
          "intervalFactor": 1,
          "legendFormat": "Load Average [1m]",
          "refId": "A"
        },
        {
          "expr": "system_cpu_count{instance=~\"$instance\", application=\"$application\"}",
          "format": "time_series",
          "intervalFactor": 1,
          "legendFormat": "CPU Core Size",
          "refId": "B"
        }
      ],
      "thresholds": [],
      "timeRegions": [],
      "title": "Load Average",
      "tooltip": {
        "shared": true,
        "sort": 0,
        "value_type": "individual"
      },
      "type": "graph",
      "xaxis": {
        "mode": "time",
        "show": true,
        "values": []
      },
      "yaxes": [
        {
          "format": "short",
          "logBase": 1,
          "show": true
        },
        {
          "format": "short",
          "logBase": 1,
          "show": true
        }
      ],
      "yaxis": {
        "align": false
      }
    },
    {
      "collapsed": false,
      "datasource": {
        "type": "prometheus",
        "uid": "PBFA97CFB590B2093"
      },
      "gridPos": {
        "h": 1,
        "w": 24,
        "x": 0,
        "y": 14
      },
      "id": 48,
      "panels": [],
      "title": "JVM Statistics - Memory",
      "type": "row"
    },
    {
      "aliasColors": {},
      "bars": false,
      "dashLength": 10,
      "dashes": false,
      "datasource": {
        "type": "prometheus",
        "uid": "PBFA97CFB590B2093"
      },
      "fieldConfig": {
        "defaults": {
          "links": []
        },
        "overrides": []
      },
      "fill": 1,
      "fillGradient": 0,
      "gridPos": {
        "h": 8,
        "w": 8,
        "x": 0,
        "y": 15
      },
      "hiddenSeries": false,
      "id": 85,
      "legend": {
        "alignAsTable": true,
        "avg": true,
        "current": true,
        "max": true,
        "min": true,
        "show": true,
        "total": false,
        "values": true
      },
      "lines": true,
      "linewidth": 1,
      "links": [],
      "nullPointMode": "null",
      "options": {
        "alertThreshold": true
      },
      "percentage": false,
      "pluginVersion": "8.4.3",
      "pointradius": 5,
      "points": false,
      "renderer": "flot",
      "repeat": "memory_pool_heap",
      "repeatDirection": "h",
      "seriesOverrides": [],
      "spaceLength": 10,
      "stack": false,
      "steppedLine": false,
      "targets": [
        {
          "expr": "jvm_memory_used_bytes{instance=~\"$instance\", application=\"$application\", id=\"$memory_pool_heap\"}",
          "format": "time_series",
          "intervalFactor": 1,
          "legendFormat": "Used",
          "refId": "C"
        },
        {
          "expr": "jvm_memory_committed_bytes{instance=~\"$instance\", application=\"$application\", id=\"$memory_pool_heap\"}",
          "format": "time_series",
          "intervalFactor": 1,
          "legendFormat": "Commited",
          "refId": "A"
        },
        {
          "expr": "jvm_memory_max_bytes{instance=~\"$instance\", application=\"$application\", id=\"$memory_pool_heap\"}",
          "format": "time_series",
          "intervalFactor": 1,
          "legendFormat": "Max",
          "refId": "B"
        }
      ],
      "thresholds": [],
      "timeRegions": [],
      "title": "$memory_pool_heap (heap)",
      "tooltip": {
        "shared": true,
        "sort": 0,
        "value_type": "individual"
      },
      "type": "graph",
      "xaxis": {
        "mode": "time",
        "show": true,
        "values": []
      },
      "yaxes": [
        {
          "format": "bytes",
          "logBase": 1,
          "show": true
        },
        {
          "format": "short",
          "logBase": 1,
          "show": true
        }
      ],
      "yaxis": {
        "align": false
      }
    },
    {
      "aliasColors": {},
      "bars": false,
      "dashLength": 10,
      "dashes": false,
      "datasource": {
        "type": "prometheus",
        "uid": "PBFA97CFB590B2093"
      },
      "fieldConfig": {
        "defaults": {
          "links": []
        },
        "overrides": []
      },
      "fill": 1,
      "fillGradient": 0,
      "gridPos": {
        "h": 8,
        "w": 6,
        "x": 0,
        "y": 23
      },
      "hiddenSeries": false,
      "id": 88,
      "legend": {
        "alignAsTable": true,
        "avg": true,
        "current": true,
        "max": true,
        "min": true,
        "show": true,
        "total": false,
        "values": true
      },
      "lines": true,
      "linewidth": 1,
      "links": [],
      "nullPointMode": "null",
      "options": {
        "alertThreshold": true
      },
      "percentage": false,
      "pluginVersion": "8.4.3",
      "pointradius": 5,
      "points": false,
      "renderer": "flot",
      "repeat": "memory_pool_nonheap",
      "repeatDirection": "h",
      "seriesOverrides": [],
      "spaceLength": 10,
      "stack": false,
      "steppedLine": false,
      "targets": [
        {
          "expr": "jvm_memory_used_bytes{instance=~\"$instance\", application=\"$application\", id=\"$memory_pool_nonheap\"}",
          "format": "time_series",
          "interval": "",
          "intervalFactor": 1,
          "legendFormat": "Used",
          "refId": "C"
        },
        {
          "expr": "jvm_memory_committed_bytes{instance=~\"$instance\", application=\"$application\", id=\"$memory_pool_nonheap\"}",
          "format": "time_series",
          "intervalFactor": 1,
          "legendFormat": "Commited",
          "refId": "A"
        },
        {
          "expr": "jvm_memory_max_bytes{instance=~\"$instance\", application=\"$application\", id=\"$memory_pool_nonheap\"}",
          "format": "time_series",
          "intervalFactor": 1,
          "legendFormat": "Max",
          "refId": "B"
        }
      ],
      "thresholds": [],
      "timeRegions": [],
      "title": "$memory_pool_nonheap (non-heap)",
      "tooltip": {
        "shared": true,
        "sort": 0,
        "value_type": "individual"
      },
      "type": "graph",
      "xaxis": {
        "mode": "time",
        "show": true,
        "values": []
      },
      "yaxes": [
        {
          "format": "bytes",
          "logBase": 1,
          "show": true
        },
        {
          "format": "short",
          "logBase": 1,
          "show": true
        }
      ],
      "yaxis": {
        "align": false
      }
    },
    {
      "aliasColors": {},
      "bars": false,
      "dashLength": 10,
      "dashes": false,
      "datasource": {
        "type": "prometheus",
        "uid": "PBFA97CFB590B2093"
      },
      "fieldConfig": {
        "defaults": {
          "links": []
        },
        "overrides": []
      },
      "fill": 1,
      "fillGradient": 0,
      "gridPos": {
        "h": 8,
        "w": 12,
        "x": 12,
        "y": 31
      },
      "hiddenSeries": false,
      "id": 80,
      "legend": {
        "avg": false,
        "current": false,
        "max": false,
        "min": false,
        "show": true,
        "total": false,
        "values": false
      },
      "lines": true,
      "linewidth": 1,
      "links": [],
      "nullPointMode": "null",
      "options": {
        "alertThreshold": true
      },
      "percentage": false,
      "pluginVersion": "8.4.3",
      "pointradius": 5,
      "points": false,
      "renderer": "flot",
      "seriesOverrides": [],
      "spaceLength": 10,
      "stack": false,
      "steppedLine": false,
      "targets": [
        {
          "expr": "irate(jvm_classes_unloaded_classes_total{instance=~\"$instance\", application=\"$application\"}[5m])",
          "format": "time_series",
          "interval": "",
          "intervalFactor": 1,
          "legendFormat": "Classes Unloaded",
          "refId": "A"
        }
      ],
      "thresholds": [],
      "timeRegions": [],
      "title": "Classes Unloaded",
      "tooltip": {
        "shared": true,
        "sort": 0,
        "value_type": "individual"
      },
      "type": "graph",
      "xaxis": {
        "mode": "time",
        "show": true,
        "values": []
      },
      "yaxes": [
        {
          "format": "short",
          "logBase": 1,
          "show": true
        },
        {
          "format": "short",
          "logBase": 1,
          "show": true
        }
      ],
      "yaxis": {
        "align": false
      }
    },
    {
      "aliasColors": {},
      "bars": false,
      "dashLength": 10,
      "dashes": false,
      "datasource": {
        "type": "prometheus",
        "uid": "PBFA97CFB590B2093"
      },
      "decimals": 0,
      "fieldConfig": {
        "defaults": {
          "links": []
        },
        "overrides": []
      },
      "fill": 1,
      "fillGradient": 0,
      "gridPos": {
        "h": 8,
        "w": 12,
        "x": 0,
        "y": 39
      },
      "hiddenSeries": false,
      "id": 50,
      "legend": {
        "alignAsTable": true,
        "avg": true,
        "current": true,
        "max": true,
        "min": true,
        "show": true,
        "total": false,
        "values": true
      },
      "lines": true,
      "linewidth": 1,
      "links": [],
      "nullPointMode": "null",
      "options": {
        "alertThreshold": true
      },
      "percentage": false,
      "pluginVersion": "8.4.3",
      "pointradius": 5,
      "points": false,
      "renderer": "flot",
      "seriesOverrides": [],
      "spaceLength": 10,
      "stack": false,
      "steppedLine": false,
      "targets": [
        {
          "expr": "jvm_classes_loaded_classes{instance=~\"$instance\", application=\"$application\"}",
          "format": "time_series",
          "interval": "",
          "intervalFactor": 1,
          "legendFormat": "Classes Loaded",
          "refId": "A"
        }
      ],
      "thresholds": [],
      "timeRegions": [],
      "title": "Classes Loaded",
      "tooltip": {
        "shared": true,
        "sort": 0,
        "value_type": "individual"
      },
      "type": "graph",
      "xaxis": {
        "mode": "time",
        "show": true,
        "values": []
      },
      "yaxes": [
        {
          "decimals": 0,
          "format": "locale",
          "label": "",
          "logBase": 1,
          "show": true
        },
        {
          "format": "short",
          "logBase": 1,
          "show": true
        }
      ],
      "yaxis": {
        "align": false
      }
    },
    {
      "aliasColors": {},
      "bars": false,
      "dashLength": 10,
      "dashes": false,
      "datasource": {
        "type": "prometheus",
        "uid": "PBFA97CFB590B2093"
      },
      "fieldConfig": {
        "defaults": {
          "links": []
        },
        "overrides": []
      },
      "fill": 1,
      "fillGradient": 0,
      "gridPos": {
        "h": 7,
        "w": 12,
        "x": 12,
        "y": 39
      },
      "hiddenSeries": false,
      "id": 83,
      "legend": {
        "avg": false,
        "current": false,
        "max": false,
        "min": false,
        "show": true,
        "total": false,
        "values": false
      },
      "lines": true,
      "linewidth": 1,
      "links": [],
      "nullPointMode": "null",
      "options": {
        "alertThreshold": true
      },
      "percentage": false,
      "pluginVersion": "8.4.3",
      "pointradius": 5,
      "points": false,
      "renderer": "flot",
      "seriesOverrides": [],
      "spaceLength": 10,
      "stack": false,
      "steppedLine": false,
      "targets": [
        {
          "expr": "jvm_buffer_memory_used_bytes{instance=~\"$instance\", application=\"$application\", id=\"mapped\"}",
          "format": "time_series",
          "intervalFactor": 1,
          "legendFormat": "Used Bytes",
          "refId": "A"
        },
        {
          "expr": "jvm_buffer_total_capacity_bytes{instance=~\"$instance\", application=\"$application\", id=\"mapped\"}",
          "format": "time_series",
          "intervalFactor": 1,
          "legendFormat": "Capacity Bytes",
          "refId": "B"
        }
      ],
      "thresholds": [],
      "timeRegions": [],
      "title": "Mapped Buffers",
      "tooltip": {
        "shared": true,
        "sort": 0,
        "value_type": "individual"
      },
      "type": "graph",
      "xaxis": {
        "mode": "time",
        "show": true,
        "values": []
      },
      "yaxes": [
        {
          "format": "short",
          "logBase": 1,
          "show": true
        },
        {
          "format": "short",
          "logBase": 1,
          "show": true
        }
      ],
      "yaxis": {
        "align": false
      }
    },
    {
      "aliasColors": {},
      "bars": false,
      "dashLength": 10,
      "dashes": false,
      "datasource": {
        "type": "prometheus",
        "uid": "PBFA97CFB590B2093"
      },
      "fieldConfig": {
        "defaults": {
          "links": []
        },
        "overrides": []
      },
      "fill": 1,
      "fillGradient": 0,
      "gridPos": {
        "h": 8,
        "w": 12,
        "x": 12,
        "y": 46
      },
      "hiddenSeries": false,
      "id": 78,
      "legend": {
        "avg": false,
        "current": false,
        "max": false,
        "min": false,
        "show": true,
        "total": false,
        "values": false
      },
      "lines": true,
      "linewidth": 1,
      "links": [],
      "nullPointMode": "null",
      "options": {
        "alertThreshold": true
      },
      "percentage": false,
      "pluginVersion": "8.4.3",
      "pointradius": 5,
      "points": false,
      "renderer": "flot",
      "seriesOverrides": [],
      "spaceLength": 10,
      "stack": false,
      "steppedLine": false,
      "targets": [
        {
          "expr": "irate(jvm_gc_memory_allocated_bytes_total{instance=~\"$instance\", application=\"$application\"}[5m])",
          "format": "time_series",
          "intervalFactor": 1,
          "legendFormat": "allocated",
          "refId": "A"
        },
        {
          "expr": "irate(jvm_gc_memory_promoted_bytes_total{instance=~\"$instance\", application=\"$application\"}[5m])",
          "format": "time_series",
          "intervalFactor": 1,
          "legendFormat": "promoted",
          "refId": "B"
        }
      ],
      "thresholds": [],
      "timeRegions": [],
      "title": "Memory Allocate/Promote",
      "tooltip": {
        "shared": true,
        "sort": 0,
        "value_type": "individual"
      },
      "type": "graph",
      "xaxis": {
        "mode": "time",
        "show": true,
        "values": []
      },
      "yaxes": [
        {
          "format": "bytes",
          "logBase": 1,
          "show": true
        },
        {
          "format": "short",
          "logBase": 1,
          "show": true
        }
      ],
      "yaxis": {
        "align": false
      }
    },
    {
      "aliasColors": {},
      "bars": false,
      "dashLength": 10,
      "dashes": false,
      "datasource": {
        "type": "prometheus",
        "uid": "PBFA97CFB590B2093"
      },
      "fieldConfig": {
        "defaults": {
          "links": []
        },
        "overrides": []
      },
      "fill": 1,
      "fillGradient": 0,
      "gridPos": {
        "h": 7,
        "w": 12,
        "x": 0,
        "y": 47
      },
      "hiddenSeries": false,
      "id": 82,
      "legend": {
        "avg": false,
        "current": false,
        "max": false,
        "min": false,
        "show": true,
        "total": false,
        "values": false
      },
      "lines": true,
      "linewidth": 1,
      "links": [],
      "nullPointMode": "null",
      "options": {
        "alertThreshold": true
      },
      "percentage": false,
      "pluginVersion": "8.4.3",
      "pointradius": 5,
      "points": false,
      "renderer": "flot",
      "seriesOverrides": [],
      "spaceLength": 10,
      "stack": false,
      "steppedLine": false,
      "targets": [
        {
          "expr": "jvm_buffer_memory_used_bytes{instance=~\"$instance\", application=\"$application\", id=\"direct\"}",
          "format": "time_series",
          "intervalFactor": 1,
          "legendFormat": "Used Bytes",
          "refId": "A"
        },
        {
          "expr": "jvm_buffer_total_capacity_bytes{instance=~\"$instance\", application=\"$application\", id=\"direct\"}",
          "format": "time_series",
          "intervalFactor": 1,
          "legendFormat": "Capacity Bytes",
          "refId": "B"
        }
      ],
      "thresholds": [],
      "timeRegions": [],
      "title": "Direct Buffers",
      "tooltip": {
        "shared": true,
        "sort": 0,
        "value_type": "individual"
      },
      "type": "graph",
      "xaxis": {
        "mode": "time",
        "show": true,
        "values": []
      },
      "yaxes": [
        {
          "format": "short",
          "logBase": 1,
          "show": true
        },
        {
          "format": "short",
          "logBase": 1,
          "show": true
        }
      ],
      "yaxis": {
        "align": false
      }
    },
    {
      "aliasColors": {},
      "bars": false,
      "dashLength": 10,
      "dashes": false,
      "datasource": {
        "type": "prometheus",
        "uid": "PBFA97CFB590B2093"
      },
      "fieldConfig": {
        "defaults": {
          "links": []
        },
        "overrides": []
      },
      "fill": 1,
      "fillGradient": 0,
      "gridPos": {
        "h": 8,
        "w": 12,
        "x": 0,
        "y": 54
      },
      "hiddenSeries": false,
      "id": 68,
      "legend": {
        "alignAsTable": true,
        "avg": true,
        "current": true,
        "max": true,
        "min": true,
        "show": true,
        "total": false,
        "values": true
      },
      "lines": true,
      "linewidth": 1,
      "links": [],
      "nullPointMode": "null",
      "options": {
        "alertThreshold": true
      },
      "percentage": false,
      "pluginVersion": "8.4.3",
      "pointradius": 5,
      "points": false,
      "renderer": "flot",
      "seriesOverrides": [],
      "spaceLength": 10,
      "stack": false,
      "steppedLine": false,
      "targets": [
        {
          "expr": "jvm_threads_daemon_threads{instance=~\"$instance\", application=\"$application\"}",
          "format": "time_series",
          "interval": "",
          "intervalFactor": 1,
          "legendFormat": "Daemon",
          "refId": "A"
        },
        {
          "expr": "jvm_threads_live{instance=~\"$instance\", application=\"$application\"}",
          "format": "time_series",
          "intervalFactor": 1,
          "legendFormat": "Live",
          "refId": "B"
        },
        {
          "expr": "jvm_threads_peak{instance=~\"$instance\", application=\"$application\"}",
          "format": "time_series",
          "intervalFactor": 1,
          "legendFormat": "Peak",
          "refId": "C"
        }
      ],
      "thresholds": [],
      "timeRegions": [],
      "title": "Threads",
      "tooltip": {
        "shared": true,
        "sort": 0,
        "value_type": "individual"
      },
      "type": "graph",
      "xaxis": {
        "mode": "time",
        "show": true,
        "values": []
      },
      "yaxes": [
        {
          "format": "short",
          "logBase": 1,
          "show": true
        },
        {
          "format": "short",
          "logBase": 1,
          "show": true
        }
      ],
      "yaxis": {
        "align": false
      }
    },
    {
      "collapsed": false,
      "datasource": {
        "type": "prometheus",
        "uid": "PBFA97CFB590B2093"
      },
      "gridPos": {
        "h": 1,
        "w": 24,
        "x": 0,
        "y": 62
      },
      "id": 72,
      "panels": [],
      "title": "JVM Statistics - GC",
      "type": "row"
    },
    {
      "aliasColors": {},
      "bars": false,
      "dashLength": 10,
      "dashes": false,
      "datasource": {
        "type": "prometheus",
        "uid": "PBFA97CFB590B2093"
      },
      "fieldConfig": {
        "defaults": {
          "links": []
        },
        "overrides": []
      },
      "fill": 1,
      "fillGradient": 0,
      "gridPos": {
        "h": 10,
        "w": 12,
        "x": 0,
        "y": 63
      },
      "hiddenSeries": false,
      "id": 74,
      "legend": {
        "alignAsTable": true,
        "avg": true,
        "current": false,
        "hideEmpty": true,
        "hideZero": true,
        "max": true,
        "min": true,
        "show": true,
        "total": true,
        "values": true
      },
      "lines": true,
      "linewidth": 1,
      "links": [],
      "nullPointMode": "null",
      "options": {
        "alertThreshold": true
      },
      "percentage": false,
      "pluginVersion": "8.4.3",
      "pointradius": 5,
      "points": false,
      "renderer": "flot",
      "seriesOverrides": [],
      "spaceLength": 10,
      "stack": false,
      "steppedLine": false,
      "targets": [
        {
          "expr": "irate(jvm_gc_pause_seconds_count{instance=~\"$instance\", application=\"$application\"}[5m])",
          "format": "time_series",
          "intervalFactor": 1,
          "legendFormat": "{{action}} [{{cause}}]",
          "refId": "A"
        }
      ],
      "thresholds": [],
      "timeRegions": [],
      "title": "GC Count",
      "tooltip": {
        "shared": true,
        "sort": 0,
        "value_type": "individual"
      },
      "type": "graph",
      "xaxis": {
        "mode": "time",
        "show": true,
        "values": []
      },
      "yaxes": [
        {
          "format": "locale",
          "logBase": 1,
          "show": true
        },
        {
          "format": "short",
          "logBase": 1,
          "show": true
        }
      ],
      "yaxis": {
        "align": false
      }
    },
    {
      "aliasColors": {},
      "bars": false,
      "dashLength": 10,
      "dashes": false,
      "datasource": {
        "type": "prometheus",
        "uid": "PBFA97CFB590B2093"
      },
      "fieldConfig": {
        "defaults": {
          "links": []
        },
        "overrides": []
      },
      "fill": 1,
      "fillGradient": 0,
      "gridPos": {
        "h": 10,
        "w": 12,
        "x": 12,
        "y": 63
      },
      "hiddenSeries": false,
      "id": 76,
      "legend": {
        "alignAsTable": true,
        "avg": true,
        "current": false,
        "hideEmpty": true,
        "hideZero": true,
        "max": true,
        "min": true,
        "show": true,
        "total": true,
        "values": true
      },
      "lines": true,
      "linewidth": 1,
      "links": [],
      "nullPointMode": "null",
      "options": {
        "alertThreshold": true
      },
      "percentage": false,
      "pluginVersion": "8.4.3",
      "pointradius": 5,
      "points": false,
      "renderer": "flot",
      "seriesOverrides": [],
      "spaceLength": 10,
      "stack": false,
      "steppedLine": false,
      "targets": [
        {
          "expr": "irate(jvm_gc_pause_seconds_sum{instance=~\"$instance\", application=\"$application\"}[5m])",
          "format": "time_series",
          "intervalFactor": 1,
          "legendFormat": "{{action}} [{{cause}}]",
          "refId": "A"
        }
      ],
      "thresholds": [],
      "timeRegions": [],
      "title": "GC Stop the World Duration",
      "tooltip": {
        "shared": true,
        "sort": 0,
        "value_type": "individual"
      },
      "type": "graph",
      "xaxis": {
        "mode": "time",
        "show": true,
        "values": []
      },
      "yaxes": [
        {
          "format": "s",
          "logBase": 1,
          "show": true
        },
        {
          "format": "short",
          "logBase": 1,
          "show": true
        }
      ],
      "yaxis": {
        "align": false
      }
    }
  ],
  "refresh": false,
  "schemaVersion": 35,
  "style": "dark",
  "tags": [],
  "templating": {
    "list": [
      {
        "current": {
          "isNone": true,
          "selected": false,
          "text": "None",
          "value": ""
        },
        "datasource": {
          "type": "prometheus",
          "uid": "PBFA97CFB590B2093"
        },
        "definition": "",
        "hide": 0,
        "includeAll": false,
        "label": "Application",
        "multi": false,
        "name": "application",
        "options": [],
        "query": {
          "query": "label_values(application)",
          "refId": "Prometheus-application-Variable-Query"
        },
        "refresh": 2,
        "regex": "",
        "skipUrlSync": false,
        "sort": 0,
        "tagValuesQuery": "",
        "tagsQuery": "",
        "type": "query",
        "useTags": false
      },
      {
        "allFormat": "glob",
        "allValue": ".*",
        "current": {
          "selected": false,
          "text": "All",
          "value": "$__all"
        },
        "datasource": {
          "type": "prometheus",
          "uid": "PBFA97CFB590B2093"
        },
        "definition": "",
        "hide": 0,
        "includeAll": true,
        "label": "Instance",
        "multi": false,
        "multiFormat": "glob",
        "name": "instance",
        "options": [],
        "query": {
          "query": "label_values(jvm_memory_used_bytes{application=\"$application\"}, instance)",
          "refId": "Prometheus-instance-Variable-Query"
        },
        "refresh": 2,
        "regex": "",
        "skipUrlSync": false,
        "sort": 0,
        "tagValuesQuery": "",
        "tagsQuery": "",
        "type": "query",
        "useTags": false
      },
      {
        "current": {
          "isNone": true,
          "selected": false,
          "text": "None",
          "value": ""
        },
        "datasource": {
          "type": "prometheus",
          "uid": "PBFA97CFB590B2093"
        },
        "definition": "label_values(hikaricp_connections{application=\"$application\"}, pool)",
        "hide": 0,
        "includeAll": false,
        "label": "HikariCP-Pool",
        "multi": false,
        "name": "hikaricp",
        "options": [],
        "query": {
          "query": "label_values(hikaricp_connections{application=\"$application\"}, pool)",
          "refId": "Prometheus-hikaricp-Variable-Query"
        },
        "refresh": 1,
        "regex": "",
        "skipUrlSync": false,
        "sort": 1,
        "tagValuesQuery": "",
        "tagsQuery": "",
        "type": "query",
        "useTags": false
      },
      {
        "current": {
          "selected": false,
          "text": "All",
          "value": "$__all"
        },
        "datasource": {
          "type": "prometheus",
          "uid": "PBFA97CFB590B2093"
        },
        "definition": "label_values(jvm_memory_used_bytes{application=\"$application\", area=\"heap\"},id)",
        "hide": 0,
        "includeAll": true,
        "label": "Memory Pool (heap)",
        "multi": false,
        "name": "memory_pool_heap",
        "options": [],
        "query": {
          "query": "label_values(jvm_memory_used_bytes{application=\"$application\", area=\"heap\"},id)",
          "refId": "Prometheus-memory_pool_heap-Variable-Query"
        },
        "refresh": 1,
        "regex": "",
        "skipUrlSync": false,
        "sort": 1,
        "tagValuesQuery": "",
        "tagsQuery": "",
        "type": "query",
        "useTags": false
      },
      {
        "current": {
          "selected": false,
          "text": "All",
          "value": "$__all"
        },
        "datasource": {
          "type": "prometheus",
          "uid": "PBFA97CFB590B2093"
        },
        "definition": "label_values(jvm_memory_used_bytes{application=\"$application\", area=\"nonheap\"},id)",
        "hide": 0,
        "includeAll": true,
        "label": "Memory Pool (nonheap)",
        "multi": false,
        "name": "memory_pool_nonheap",
        "options": [],
        "query": {
          "query": "label_values(jvm_memory_used_bytes{application=\"$application\", area=\"nonheap\"},id)",
          "refId": "Prometheus-memory_pool_nonheap-Variable-Query"
        },
        "refresh": 1,
        "regex": "",
        "skipUrlSync": false,
        "sort": 1,
        "tagValuesQuery": "",
        "tagsQuery": "",
        "type": "query",
        "useTags": false
      }
    ]
  },
  "time": {
    "from": "now-15m",
    "to": "now"
  },
  "timepicker": {
    "refresh_intervals": [
      "5s",
      "10s",
      "30s",
      "1m",
      "5m",
      "15m",
      "30m",
      "1h",
      "2h",
      "1d"
    ],
    "time_options": [
      "5m",
      "15m",
      "1h",
      "6h",
      "12h",
      "24h",
      "2d",
      "7d",
      "30d"
    ]
  },
  "timezone": "",
  "title": "SpringBoot APM Dashboard",
  "uid": "X034JGT7Gz",
  "version": 1,
  "weekStart": ""
}
